epoch,time,train/box_loss,train/seg_loss,train/cls_loss,train/dfl_loss,metrics/precision(B),metrics/recall(B),metrics/mAP50(B),metrics/mAP50-95(B),metrics/precision(M),metrics/recall(M),metrics/mAP50(M),metrics/mAP50-95(M),val/box_loss,val/seg_loss,val/cls_loss,val/dfl_loss,lr/pg0,lr/pg1,lr/pg2
1,25.5691,1.23228,2.37066,2.65995,1.12732,0.92957,1,0.98952,0.74236,0.90671,0.97541,0.9704,0.49905,0.79101,1.06826,1.84361,0.90212,0.000653846,0.000653846,0.000653846
2,50.1277,0.84721,1.22406,0.74415,0.94541,0.95583,0.95902,0.98302,0.75415,0.94766,0.95082,0.97464,0.47686,0.82041,0.97251,0.84106,0.9907,0.00130744,0.00130744,0.00130744
3,75.0087,0.88206,1.22915,0.67331,0.96029,0.87711,0.67213,0.75837,0.55745,0.9203,0.66393,0.74173,0.28243,1.03152,1.35616,1.11253,1.21317,0.00194783,0.00194783,0.00194783
4,100.043,0.84403,1.0877,0.63478,0.94668,0.9771,0.98361,0.98698,0.75971,0.9771,0.98361,0.98698,0.56024,0.86118,0.91329,0.84613,1.03403,0.0019406,0.0019406,0.0019406
5,125.027,0.80012,1.04538,0.56438,0.93403,0.97274,0.9918,0.98898,0.78805,0.97274,0.9918,0.98898,0.58538,0.81646,0.83736,0.53016,0.9649,0.0019208,0.0019208,0.0019208
6,150.381,0.79585,1.04281,0.55546,0.93532,0.95714,0.9918,0.98043,0.81596,0.95714,0.9918,0.98043,0.68432,0.7354,0.84168,0.48554,0.91293,0.001901,0.001901,0.001901
7,175.633,0.7718,1.03309,0.5351,0.93325,0.97596,0.99845,0.98328,0.8275,0.96795,0.99025,0.97739,0.51489,0.63599,0.82759,0.52029,0.8986,0.0018812,0.0018812,0.0018812
8,200.951,0.71099,0.99853,0.49127,0.90526,0.96857,0.98361,0.98419,0.85283,0.96857,0.98361,0.98419,0.53645,0.61159,0.83841,0.44208,0.89504,0.0018614,0.0018614,0.0018614
9,225.919,0.68868,1.01538,0.48927,0.90168,0.97798,0.9918,0.99097,0.86496,0.97798,0.9918,0.99097,0.58395,0.57381,0.88203,0.52182,0.8704,0.0018416,0.0018416,0.0018416
10,250.989,0.68408,1.00222,0.48269,0.89834,0.98207,1,0.99484,0.87203,0.98207,1,0.99484,0.67119,0.56273,0.794,0.37239,0.87863,0.0018218,0.0018218,0.0018218
11,276.374,0.67052,0.95459,0.47261,0.89842,0.97485,0.9918,0.995,0.83342,0.96679,0.98361,0.98956,0.52439,0.58675,0.75906,0.4976,0.87746,0.001802,0.001802,0.001802
12,301.332,0.66324,0.97455,0.4554,0.8957,0.98386,0.99925,0.99281,0.86845,0.98386,0.99925,0.99281,0.58188,0.5501,0.85597,0.39542,0.86213,0.0017822,0.0017822,0.0017822
13,326.364,0.65738,0.93991,0.44395,0.88412,0.98253,1,0.98941,0.89546,0.98253,1,0.98941,0.63418,0.47838,0.77871,0.33228,0.85202,0.0017624,0.0017624,0.0017624
14,351.492,0.63479,0.93524,0.4341,0.88104,0.98121,1,0.9929,0.86481,0.98121,1,0.9929,0.59845,0.57264,0.82803,0.37976,0.87888,0.0017426,0.0017426,0.0017426
15,376.536,0.62373,0.90572,0.41584,0.88559,0.98282,1,0.99402,0.85978,0.98282,1,0.99402,0.60822,0.575,0.74024,0.37811,0.863,0.0017228,0.0017228,0.0017228
16,401.517,0.61581,0.91474,0.41219,0.87159,0.98318,1,0.99205,0.88744,0.98318,1,0.99205,0.59721,0.49663,0.7333,0.33696,0.84328,0.001703,0.001703,0.001703
17,426.87,0.59548,0.90733,0.40664,0.8703,0.98138,1,0.99086,0.87932,0.98138,1,0.99086,0.65672,0.50579,0.75512,0.34681,0.84437,0.0016832,0.0016832,0.0016832
18,451.866,0.61057,0.91965,0.40369,0.87634,0.98349,1,0.99225,0.89735,0.98349,1,0.99225,0.65706,0.49654,0.76491,0.32229,0.86504,0.0016634,0.0016634,0.0016634
19,477.047,0.59831,0.92661,0.40012,0.8752,0.98337,1,0.98604,0.89131,0.97531,0.9918,0.97722,0.57976,0.48583,0.75796,0.32019,0.84474,0.0016436,0.0016436,0.0016436
20,501.992,0.58535,0.87077,0.3823,0.86573,0.98333,1,0.99476,0.91281,0.98333,1,0.99476,0.63398,0.44672,0.73721,0.29637,0.83577,0.0016238,0.0016238,0.0016238
21,527.078,0.57571,0.88749,0.37664,0.86093,0.97679,1,0.99402,0.90855,0.97679,1,0.99402,0.62647,0.44942,0.72719,0.30892,0.84115,0.001604,0.001604,0.001604
22,552.191,0.57549,0.8779,0.38547,0.86658,0.98304,1,0.99459,0.90071,0.98304,1,0.99459,0.59693,0.48665,0.74065,0.30336,0.84074,0.0015842,0.0015842,0.0015842
23,577.376,0.57027,0.88258,0.39223,0.8675,0.98279,1,0.99103,0.89738,0.98279,1,0.99103,0.67049,0.48397,0.73993,0.31664,0.85939,0.0015644,0.0015644,0.0015644
24,602.518,0.56849,0.88777,0.37759,0.86719,0.98337,1,0.99009,0.91115,0.98337,1,0.99009,0.65249,0.43715,0.73851,0.28942,0.83589,0.0015446,0.0015446,0.0015446
25,627.634,0.56669,0.86031,0.36428,0.86351,0.98338,1,0.995,0.92156,0.98338,1,0.995,0.61326,0.43038,0.7533,0.29573,0.82857,0.0015248,0.0015248,0.0015248
26,652.884,0.55734,0.85306,0.36491,0.86671,0.98338,1,0.99346,0.91549,0.98338,1,0.99346,0.67044,0.42332,0.70333,0.29672,0.83241,0.001505,0.001505,0.001505
27,678.169,0.54596,0.85555,0.3657,0.86025,0.98336,1,0.995,0.91788,0.98336,1,0.995,0.63033,0.44263,0.72413,0.30749,0.83665,0.0014852,0.0014852,0.0014852
28,703.579,0.54702,0.85382,0.35782,0.85779,0.98333,1,0.99484,0.92965,0.98333,1,0.99484,0.62323,0.40243,0.6815,0.28156,0.82773,0.0014654,0.0014654,0.0014654
29,728.48,0.53385,0.84279,0.34869,0.85533,0.98297,1,0.99319,0.92972,0.98297,1,0.99319,0.64801,0.41363,0.67444,0.28175,0.82675,0.0014456,0.0014456,0.0014456
30,753.479,0.5414,0.8194,0.3569,0.85177,0.98372,1,0.995,0.91352,0.97566,0.9918,0.99049,0.62694,0.47364,0.69636,0.29132,0.82739,0.0014258,0.0014258,0.0014258
31,778.56,0.52881,0.83976,0.34229,0.85352,0.98303,1,0.99435,0.91791,0.98303,1,0.99435,0.68384,0.3992,0.72819,0.2527,0.82728,0.001406,0.001406,0.001406
32,803.748,0.53469,0.83516,0.34653,0.85277,0.98324,1,0.99484,0.90516,0.98324,1,0.99484,0.6435,0.48612,0.68963,0.27979,0.83966,0.0013862,0.0013862,0.0013862
33,828.73,0.54946,0.84696,0.35295,0.85591,0.98334,1,0.99492,0.93133,0.98334,1,0.99492,0.65148,0.40347,0.69399,0.27995,0.82813,0.0013664,0.0013664,0.0013664
34,853.765,0.52952,0.83338,0.34336,0.85465,0.983,1,0.99323,0.92383,0.983,1,0.99323,0.64936,0.41328,0.7112,0.27365,0.83442,0.0013466,0.0013466,0.0013466
35,879.315,0.5256,0.83396,0.33793,0.85498,0.9834,1,0.99118,0.91294,0.9834,1,0.99118,0.67693,0.46531,0.70149,0.28203,0.83775,0.0013268,0.0013268,0.0013268
36,904.317,0.53645,0.81265,0.3361,0.85288,0.98277,1,0.99443,0.92042,0.98277,1,0.99443,0.65138,0.44487,0.70128,0.27345,0.8362,0.001307,0.001307,0.001307
37,929.408,0.52033,0.85853,0.33319,0.85517,0.9834,1,0.99184,0.92006,0.9834,1,0.99184,0.63945,0.41059,0.6643,0.26452,0.82328,0.0012872,0.0012872,0.0012872
38,954.489,0.50047,0.82399,0.32823,0.84551,0.98318,1,0.99376,0.92968,0.98318,1,0.99376,0.65864,0.38548,0.68732,0.25444,0.81806,0.0012674,0.0012674,0.0012674
39,979.466,0.49783,0.79888,0.3268,0.84835,0.98331,1,0.99459,0.92543,0.98331,1,0.99459,0.66951,0.40578,0.6815,0.26842,0.82551,0.0012476,0.0012476,0.0012476
40,1004.48,0.50566,0.83137,0.32757,0.84175,0.9833,1,0.995,0.91898,0.9833,1,0.995,0.65039,0.4645,0.7182,0.28115,0.83008,0.0012278,0.0012278,0.0012278
41,1029.48,0.50789,0.81426,0.32728,0.8545,0.98336,1,0.99467,0.91996,0.98336,1,0.99467,0.69859,0.42271,0.67707,0.26224,0.82932,0.001208,0.001208,0.001208
42,1055.23,0.48874,0.78393,0.31584,0.85189,0.98327,1,0.99484,0.9269,0.98327,1,0.99484,0.70293,0.40228,0.69689,0.25472,0.82084,0.0011882,0.0011882,0.0011882
43,1080.44,0.48187,0.81259,0.30988,0.84432,0.98344,1,0.99319,0.93553,0.98344,1,0.99319,0.6313,0.39079,0.6968,0.24154,0.82203,0.0011684,0.0011684,0.0011684
44,1105.68,0.48668,0.80028,0.31265,0.84598,0.98336,1,0.99316,0.91647,0.98336,1,0.99316,0.64132,0.41387,0.67762,0.25975,0.82345,0.0011486,0.0011486,0.0011486
45,1130.81,0.4893,0.79027,0.31114,0.84756,0.99779,1,0.995,0.9335,0.99779,1,0.995,0.68101,0.38554,0.66966,0.24057,0.82651,0.0011288,0.0011288,0.0011288
46,1155.8,0.48826,0.78184,0.32056,0.84311,0.99715,1,0.995,0.92967,0.99715,1,0.995,0.68957,0.39032,0.67979,0.24226,0.8241,0.001109,0.001109,0.001109
47,1180.97,0.48997,0.78992,0.31835,0.84425,0.99943,1,0.995,0.94782,0.99943,1,0.995,0.64699,0.37279,0.68515,0.23317,0.81756,0.0010892,0.0010892,0.0010892
48,1206.01,0.47431,0.80869,0.30417,0.84688,0.9993,1,0.995,0.93285,0.9993,1,0.995,0.6244,0.40846,0.66935,0.24379,0.82802,0.0010694,0.0010694,0.0010694
49,1231.46,0.48004,0.7954,0.30178,0.84163,0.98298,1,0.99484,0.92178,0.98298,1,0.99484,0.64245,0.41218,0.67584,0.24806,0.82067,0.0010496,0.0010496,0.0010496
50,1256.57,0.48593,0.79488,0.30727,0.8389,0.98339,1,0.99468,0.92981,0.97533,0.9918,0.98772,0.64853,0.40934,0.66836,0.2456,0.82185,0.0010298,0.0010298,0.0010298
51,1281.5,0.46969,0.80772,0.29832,0.83515,0.99753,1,0.995,0.92524,0.99753,1,0.995,0.62593,0.41203,0.69053,0.2317,0.82354,0.00101,0.00101,0.00101
52,1306.7,0.46662,0.79916,0.29911,0.84148,0.99586,1,0.995,0.93511,0.99586,1,0.995,0.60845,0.39569,0.65554,0.2332,0.82074,0.0009902,0.0009902,0.0009902
53,1331.8,0.47614,0.78878,0.29726,0.8422,0.98357,1,0.995,0.92963,0.98357,1,0.995,0.66277,0.37412,0.66717,0.2516,0.81741,0.0009704,0.0009704,0.0009704
54,1357.14,0.47352,0.77345,0.30164,0.84253,1,0.99994,0.995,0.94241,1,0.99994,0.995,0.64578,0.39466,0.66001,0.23754,0.81616,0.0009506,0.0009506,0.0009506
55,1382.12,0.46204,0.76765,0.29361,0.8357,0.99915,1,0.995,0.93494,0.99915,1,0.995,0.66739,0.40007,0.67997,0.22719,0.82224,0.0009308,0.0009308,0.0009308
56,1407.75,0.45129,0.77723,0.28359,0.82697,0.99943,1,0.995,0.94778,0.99943,1,0.995,0.67661,0.37465,0.64653,0.22074,0.81315,0.000911,0.000911,0.000911
57,1432.95,0.46367,0.76346,0.29421,0.83525,1,0.99868,0.995,0.92606,1,0.99868,0.995,0.63923,0.36761,0.65317,0.21749,0.81601,0.0008912,0.0008912,0.0008912
58,1458.18,0.45321,0.78069,0.28974,0.83512,1,0.99909,0.995,0.94504,1,0.99909,0.995,0.64507,0.3835,0.64673,0.22558,0.81699,0.0008714,0.0008714,0.0008714
59,1483.2,0.45565,0.76222,0.29076,0.83799,0.99946,1,0.995,0.9316,0.99946,1,0.995,0.64572,0.39501,0.66559,0.21702,0.81622,0.0008516,0.0008516,0.0008516
60,1508.26,0.45445,0.7655,0.28587,0.8349,0.99952,1,0.995,0.94738,0.99952,1,0.995,0.6801,0.35713,0.63292,0.21377,0.81438,0.0008318,0.0008318,0.0008318
61,1533.46,0.45547,0.78468,0.27984,0.83462,0.99935,1,0.995,0.92861,0.99935,1,0.995,0.64695,0.40972,0.65472,0.21664,0.81954,0.000812,0.000812,0.000812
62,1558.88,0.44158,0.74762,0.27585,0.83096,0.99948,1,0.995,0.93845,0.99948,1,0.995,0.62943,0.37292,0.64151,0.21231,0.81489,0.0007922,0.0007922,0.0007922
63,1583.93,0.4451,0.76429,0.2767,0.83877,0.99946,1,0.995,0.94904,0.99946,1,0.995,0.68159,0.35708,0.64577,0.2084,0.81337,0.0007724,0.0007724,0.0007724
64,1609.36,0.45107,0.75789,0.27458,0.83532,0.99833,1,0.995,0.93532,0.99833,1,0.995,0.65069,0.38483,0.63519,0.21013,0.81511,0.0007526,0.0007526,0.0007526
65,1634.62,0.44731,0.75036,0.27183,0.83423,0.99932,1,0.995,0.95428,0.99932,1,0.995,0.67171,0.34341,0.64205,0.20443,0.81228,0.0007328,0.0007328,0.0007328
66,1659.84,0.43495,0.74882,0.26651,0.83648,0.99931,1,0.995,0.95694,0.99931,1,0.995,0.6639,0.32538,0.63584,0.2008,0.80998,0.000713,0.000713,0.000713
67,1684.75,0.43136,0.75761,0.27318,0.8343,0.99942,1,0.995,0.95045,0.99942,1,0.995,0.67024,0.35345,0.67154,0.20982,0.81058,0.0006932,0.0006932,0.0006932
68,1709.84,0.41892,0.73402,0.263,0.83428,0.99941,1,0.995,0.94777,0.99941,1,0.995,0.65683,0.35342,0.65033,0.20861,0.81034,0.0006734,0.0006734,0.0006734
69,1735.42,0.43089,0.73083,0.26512,0.83286,0.99905,1,0.995,0.9498,0.99905,1,0.995,0.67204,0.34725,0.63919,0.19219,0.81091,0.0006536,0.0006536,0.0006536
70,1760.41,0.42112,0.73229,0.261,0.82802,0.99813,1,0.995,0.95953,0.99813,1,0.995,0.68568,0.34647,0.63792,0.20259,0.80928,0.0006338,0.0006338,0.0006338
71,1785.8,0.42297,0.73535,0.26342,0.82681,0.99903,1,0.995,0.94166,0.99903,1,0.995,0.63746,0.36342,0.63461,0.20831,0.80969,0.000614,0.000614,0.000614
72,1810.98,0.42512,0.73968,0.26157,0.83528,0.99919,1,0.995,0.9491,0.99919,1,0.995,0.6726,0.3617,0.63566,0.20673,0.81307,0.0005942,0.0005942,0.0005942
73,1835.98,0.42276,0.7282,0.26296,0.82962,0.99967,1,0.995,0.95138,0.99967,1,0.995,0.64232,0.34187,0.63641,0.20181,0.80981,0.0005744,0.0005744,0.0005744
74,1861.56,0.4172,0.71666,0.25939,0.8253,0.99941,1,0.995,0.95128,0.99941,1,0.995,0.67288,0.341,0.63534,0.19212,0.80897,0.0005546,0.0005546,0.0005546
75,1886.88,0.41081,0.71407,0.25315,0.82981,1,0.99988,0.995,0.94852,1,0.99988,0.995,0.6886,0.3309,0.64794,0.19022,0.80842,0.0005348,0.0005348,0.0005348
76,1912.02,0.40742,0.7145,0.25399,0.8309,1,0.9984,0.995,0.94878,1,0.9984,0.995,0.68514,0.34405,0.63927,0.19462,0.8113,0.000515,0.000515,0.000515
77,1937.23,0.40549,0.74569,0.25611,0.82403,0.99932,1,0.995,0.95254,0.99932,1,0.995,0.68756,0.34056,0.63259,0.19379,0.81205,0.0004952,0.0004952,0.0004952
78,1962.54,0.40731,0.73646,0.24546,0.8281,0.99889,1,0.995,0.94648,0.99889,1,0.995,0.6692,0.34786,0.62868,0.19995,0.80814,0.0004754,0.0004754,0.0004754
79,1987.7,0.40323,0.71012,0.24552,0.82831,0.99787,1,0.995,0.95425,0.99787,1,0.995,0.70497,0.33259,0.62315,0.18846,0.808,0.0004556,0.0004556,0.0004556
80,2013.3,0.4056,0.73058,0.2479,0.81813,0.98697,1,0.995,0.9552,0.98697,1,0.995,0.68338,0.34068,0.61795,0.18862,0.8102,0.0004358,0.0004358,0.0004358
81,2038.33,0.3892,0.70588,0.23989,0.82598,0.99737,1,0.995,0.95251,0.99737,1,0.995,0.6759,0.32816,0.62482,0.18287,0.8083,0.000416,0.000416,0.000416
82,2063.51,0.39526,0.72211,0.24141,0.82511,0.9993,1,0.995,0.95119,0.9993,1,0.995,0.66635,0.32465,0.62528,0.18359,0.8067,0.0003962,0.0003962,0.0003962
83,2088.7,0.39274,0.71536,0.23737,0.8218,0.99927,1,0.995,0.95076,0.99927,1,0.995,0.66533,0.33277,0.62443,0.18466,0.80705,0.0003764,0.0003764,0.0003764
84,2113.74,0.40346,0.70333,0.2465,0.83006,1,0.99859,0.995,0.95543,1,0.99859,0.995,0.67029,0.32852,0.62661,0.18313,0.80768,0.0003566,0.0003566,0.0003566
85,2138.88,0.38498,0.69523,0.23858,0.82352,0.99661,1,0.995,0.95781,0.99661,1,0.995,0.65484,0.32417,0.62604,0.17988,0.80607,0.0003368,0.0003368,0.0003368
86,2164.24,0.40132,0.71636,0.23988,0.82752,0.993,1,0.995,0.95883,0.993,1,0.995,0.64761,0.32474,0.61778,0.18565,0.80571,0.000317,0.000317,0.000317
87,2189.68,0.38336,0.70057,0.23973,0.82676,1,0.99913,0.995,0.96098,1,0.99913,0.995,0.66432,0.31758,0.61379,0.16918,0.80524,0.0002972,0.0002972,0.0002972
88,2215.28,0.37818,0.70039,0.2329,0.82364,0.99986,1,0.995,0.96292,0.99986,1,0.995,0.6638,0.30802,0.62621,0.17295,0.80504,0.0002774,0.0002774,0.0002774
89,2240.27,0.37858,0.69524,0.23098,0.81752,1,0.997,0.995,0.9618,1,0.997,0.995,0.65924,0.31595,0.61215,0.17741,0.8053,0.0002576,0.0002576,0.0002576
90,2265.43,0.37454,0.69627,0.2284,0.82291,0.99923,1,0.995,0.95752,0.99923,1,0.995,0.66362,0.31347,0.62092,0.17168,0.80626,0.0002378,0.0002378,0.0002378
91,2291.37,0.33523,0.67259,0.20487,0.80138,0.99901,1,0.995,0.95561,0.99901,1,0.995,0.67467,0.31479,0.61759,0.16998,0.80643,0.000218,0.000218,0.000218
92,2316.03,0.33631,0.65402,0.2034,0.80149,0.99947,1,0.995,0.9559,0.99947,1,0.995,0.68164,0.31671,0.61153,0.17005,0.80739,0.0001982,0.0001982,0.0001982
93,2340.92,0.3297,0.64371,0.19579,0.80359,1,0.9967,0.995,0.96297,1,0.9967,0.995,0.67655,0.31047,0.60954,0.16977,0.80514,0.0001784,0.0001784,0.0001784
94,2365.64,0.32115,0.64768,0.19225,0.79832,0.99902,1,0.995,0.95516,0.99902,1,0.995,0.65331,0.32701,0.60873,0.16759,0.80606,0.0001586,0.0001586,0.0001586
95,2390.59,0.32308,0.64062,0.19176,0.79589,0.99872,1,0.995,0.95676,0.99872,1,0.995,0.6526,0.32597,0.60409,0.17121,0.8061,0.0001388,0.0001388,0.0001388
96,2415.39,0.3209,0.64809,0.18848,0.79247,0.99903,1,0.995,0.9628,0.99903,1,0.995,0.679,0.31066,0.60191,0.16098,0.8048,0.000119,0.000119,0.000119
97,2440.15,0.3166,0.64172,0.188,0.79392,0.99883,1,0.995,0.96132,0.99883,1,0.995,0.69251,0.31137,0.60465,0.16222,0.80502,9.92e-05,9.92e-05,9.92e-05
98,2464.77,0.31356,0.65041,0.18891,0.79405,0.99914,1,0.995,0.96542,0.99914,1,0.995,0.66896,0.31472,0.60252,0.1643,0.80529,7.94e-05,7.94e-05,7.94e-05
99,2489.6,0.30775,0.62973,0.18255,0.79589,0.99932,1,0.995,0.96302,0.99932,1,0.995,0.67486,0.30492,0.59959,0.1606,0.80498,5.96e-05,5.96e-05,5.96e-05
100,2514.56,0.3035,0.63321,0.18184,0.79138,0.99933,1,0.995,0.96481,0.99933,1,0.995,0.68467,0.3114,0.59932,0.15683,0.80471,3.98e-05,3.98e-05,3.98e-05
